{"name":"history_scottish-witchcraft","title":"Scottish Witchcraft","description":"Find out what it took to be accused of witchcraft\n\nThis database contains a variety of information on the almost 4,000 people who were accused of practicing witchcraft between 1563 and 1736 in Scotland.\n\n![Witchcraft accusations](https://cdn.filepicker.io/api/file/hUgRraUoT9aph8idkQWe \"Witchcraft accusations\") Chart by [@nrippner](https://data.world/nrippner)\n\n# Citation\nJulian Goodare, Lauren Martin, Joyce Miller and Louise Yeoman, 'The Survey of Scottish Witchcraft', www.shc.ed.ac.uk/witches/ (archived January 2003, accessed ’11/1/2016’).","homepage":"https://data.world/history/scottish-witchcraft","license":"Other","resources":[{"name":"wdb_accused","schema":{"fields":[{"name":"accusedref","title":"AccusedRef","type":"string","rdfType":"http://www.w3.org/2001/XMLSchema#string"},{"name":"accusedsystemid","title":"AccusedSystemId","type":"string","rdfType":"http://www.w3.org/2001/XMLSchema#string"},{"name":"accusedid","title":"AccusedID","type":"integer","rdfType":"http://www.w3.org/2001/XMLSchema#integer"},{"name":"firstname","title":"FirstName","type":"string","rdfType":"http://www.w3.org/2001/XMLSchema#string"},{"name":"lastname","title":"LastName","type":"string","rdfType":"http://www.w3.org/2001/XMLSchema#string"},{"name":"m_firstname","title":"M_Firstname","type":"string","rdfType":"http://www.w3.org/2001/XMLSchema#string"},{"name":"m_surname","title":"M_Surname","type":"string","rdfType":"http://www.w3.org/2001/XMLSchema#string"},{"name":"alias","title":"Alias","type":"string","rdfType":"http://www.w3.org/2001/XMLSchema#string"},{"name":"patronymic","title":"Patronymic","type":"string","rdfType":"http://www.w3.org/2001/XMLSchema#string"},{"name":"destitle","title":"DesTitle","type":"string","rdfType":"http://www.w3.org/2001/XMLSchema#string"},{"name":"sex","title":"Sex","type":"string","rdfType":"http://www.w3.org/2001/XMLSchema#string"},{"name":"age","title":"Age","type":"integer","rdfType":"http://www.w3.org/2001/XMLSchema#integer"},{"name":"age_estcareer","title":"Age_estcareer","type":"boolean","rdfType":"http://www.w3.org/2001/XMLSchema#boolean"},{"name":"age_estchild","title":"Age_estchild","type":"boolean","rdfType":"http://www.w3.org/2001/XMLSchema#boolean"},{"name":"res_settlement","title":"Res_settlement","type":"string","rdfType":"http://www.w3.org/2001/XMLSchema#string"},{"name":"res_parish","title":"Res_parish","type":"string","rdfType":"http://www.w3.org/2001/XMLSchema#string"},{"name":"res_presbytery","title":"Res_presbytery","type":"string","rdfType":"http://www.w3.org/2001/XMLSchema#string"},{"name":"res_county","title":"Res_county","type":"string","rdfType":"http://www.w3.org/2001/XMLSchema#string"},{"name":"res_burgh","title":"Res_burgh","type":"string","rdfType":"http://www.w3.org/2001/XMLSchema#string"},{"name":"res_ngr_letters","title":"Res_NGR_Letters","type":"string","rdfType":"http://www.w3.org/2001/XMLSchema#string"},{"name":"res_ngr_easting","title":"Res_NGR_Easting","type":"integer","rdfType":"http://www.w3.org/2001/XMLSchema#integer"},{"name":"res_ngr_northing","title":"Res_NGR_Northing","type":"integer","rdfType":"http://www.w3.org/2001/XMLSchema#integer"},{"name":"ethnic_origin","title":"Ethnic_origin","type":"string","rdfType":"http://www.w3.org/2001/XMLSchema#string"},{"name":"maritalstatus","title":"MaritalStatus","type":"string","rdfType":"http://www.w3.org/2001/XMLSchema#string"},{"name":"socioecstatus","title":"SocioecStatus","type":"string","rdfType":"http://www.w3.org/2001/XMLSchema#string"},{"name":"occupation","title":"Occupation","type":"string","rdfType":"http://www.w3.org/2001/XMLSchema#string"},{"name":"notes","title":"Notes","type":"string","rdfType":"http://www.w3.org/2001/XMLSchema#string"},{"name":"createdby","title":"Createdby","type":"string","rdfType":"http://www.w3.org/2001/XMLSchema#string"},{"name":"createdate","title":"Createdate","type":"datetime","rdfType":"http://www.w3.org/2001/XMLSchema#dateTime"},{"name":"lastupdatedby","title":"Lastupdatedby","type":"string","rdfType":"http://www.w3.org/2001/XMLSchema#string"},{"name":"lastupdatedon","title":"Lastupdatedon","type":"datetime","rdfType":"http://www.w3.org/2001/XMLSchema#dateTime"}]},"path":"data/wdb_accused.csv","format":"csv"},{"name":"wdb_accused_family","schema":{"fields":[{"name":"accused_familyref","title":"Accused_familyRef","type":"string","rdfType":"http://www.w3.org/2001/XMLSchema#string"},{"name":"accused_familysystemid","title":"Accused_familySystemId","type":"string","rdfType":"http://www.w3.org/2001/XMLSchema#string"},{"name":"accused_familyid","title":"Accused_familyID","type":"integer","rdfType":"http://www.w3.org/2001/XMLSchema#integer"},{"name":"surname","title":"Surname","type":"string","rdfType":"http://www.w3.org/2001/XMLSchema#string"},{"name":"firstname","title":"Firstname","type":"string","rdfType":"http://www.w3.org/2001/XMLSchema#string"},{"name":"alias","title":"Alias","type":"string","rdfType":"http://www.w3.org/2001/XMLSchema#string"},{"name":"patronymic","title":"Patronymic","type":"string","rdfType":"http://www.w3.org/2001/XMLSchema#string"},{"name":"destitle","title":"DesTitle","type":"string","rdfType":"http://www.w3.org/2001/XMLSchema#string"},{"name":"est_year_of_birth","title":"Est_Year_of_Birth","type":"string","rdfType":"http://www.w3.org/2001/XMLSchema#string"},{"name":"age","title":"Age","type":"integer","rdfType":"http://www.w3.org/2001/XMLSchema#integer"},{"name":"age_estcareer","title":"Age_estcareer","type":"boolean","rdfType":"http://www.w3.org/2001/XMLSchema#boolean"},{"name":"age_estchild","title":"Age_estchild","type":"boolean","rdfType":"http://www.w3.org/2001/XMLSchema#boolean"},{"name":"occupation","title":"Occupation","type":"string","rdfType":"http://www.w3.org/2001/XMLSchema#string"},{"name":"relationship","title":"Relationship","type":"string","rdfType":"http://www.w3.org/2001/XMLSchema#string"},{"name":"accusedref","title":"AccusedRef","type":"string","rdfType":"http://www.w3.org/2001/XMLSchema#string"},{"name":"createdby","title":"Createdby","type":"string","rdfType":"http://www.w3.org/2001/XMLSchema#string"},{"name":"createdate","title":"Createdate","type":"datetime","rdfType":"http://www.w3.org/2001/XMLSchema#dateTime"},{"name":"lastupdatedby","title":"Lastupdatedby","type":"string","rdfType":"http://www.w3.org/2001/XMLSchema#string"},{"name":"lastupdatedon","title":"Lastupdatedon","type":"datetime","rdfType":"http://www.w3.org/2001/XMLSchema#dateTime"}]},"path":"data/wdb_accused_family.csv","format":"csv"},{"name":"wdb_appeal","schema":{"fields":[{"name":"appealref","title":"AppealRef","type":"string","rdfType":"http://www.w3.org/2001/XMLSchema#string"},{"name":"appealsystemid","title":"AppealSystemId","type":"string","rdfType":"http://www.w3.org/2001/XMLSchema#string"},{"name":"appealid","title":"AppealID","type":"integer","rdfType":"http://www.w3.org/2001/XMLSchema#integer"},{"name":"trialref","title":"Trialref","type":"string","rdfType":"http://www.w3.org/2001/XMLSchema#string"},{"name":"personref","title":"PersonRef","type":"string","rdfType":"http://www.w3.org/2001/XMLSchema#string"},{"name":"centralauth","title":"Centralauth","type":"string","rdfType":"http://www.w3.org/2001/XMLSchema#string"},{"name":"reason","title":"Reason","type":"string","rdfType":"http://www.w3.org/2001/XMLSchema#string"},{"name":"appealexists","title":"Appealexists","type":"boolean","rdfType":"http://www.w3.org/2001/XMLSchema#boolean"},{"name":"appealdate","title":"Appealdate","type":"string","rdfType":"http://www.w3.org/2001/XMLSchema#string"},{"name":"appealdate_as_date","title":"Appealdate_as_date","type":"datetime","rdfType":"http://www.w3.org/2001/XMLSchema#dateTime"},{"name":"createdby","title":"Createdby","type":"string","rdfType":"http://www.w3.org/2001/XMLSchema#string"},{"name":"createdate","title":"Createdate","type":"datetime","rdfType":"http://www.w3.org/2001/XMLSchema#dateTime"},{"name":"lastupdatedby","title":"Lastupdatedby","type":"string","rdfType":"http://www.w3.org/2001/XMLSchema#string"},{"name":"lastupdatedon","title":"Lastupdatedon","type":"datetime","rdfType":"http://www.w3.org/2001/XMLSchema#dateTime"}]},"path":"data/wdb_appeal.csv","format":"csv"},{"name":"wdb_calendarcustom","schema":{"fields":[{"name":"customref","title":"CustomRef","type":"string","rdfType":"http://www.w3.org/2001/XMLSchema#string"},{"name":"customsystemid","title":"CustomSystemId","type":"string","rdfType":"http://www.w3.org/2001/XMLSchema#string"},{"name":"customid","title":"CustomID","type":"integer","rdfType":"http://www.w3.org/2001/XMLSchema#integer"},{"name":"caseref","title":"CaseRef","type":"string","rdfType":"http://www.w3.org/2001/XMLSchema#string"},{"name":"custom_type","title":"Custom_Type","type":"string","rdfType":"http://www.w3.org/2001/XMLSchema#string"},{"name":"createdby","title":"Createdby","type":"string","rdfType":"http://www.w3.org/2001/XMLSchema#string"},{"name":"createdate","title":"Createdate","type":"datetime","rdfType":"http://www.w3.org/2001/XMLSchema#dateTime"},{"name":"lastupdatedby","title":"Lastupdatedby","type":"string","rdfType":"http://www.w3.org/2001/XMLSchema#string"},{"name":"lastupdatedon","title":"Lastupdatedon","type":"datetime","rdfType":"http://www.w3.org/2001/XMLSchema#dateTime"}]},"path":"data/wdb_calendarcustom.csv","format":"csv"},{"name":"wdb_case","schema":{"fields":[{"name":"caseref","title":"CaseRef","type":"string","rdfType":"http://www.w3.org/2001/XMLSchema#string"},{"name":"caseid","title":"CaseId","type":"integer","rdfType":"http://www.w3.org/2001/XMLSchema#integer"},{"name":"casesystemid","title":"CaseSystemId","type":"string","rdfType":"http://www.w3.org/2001/XMLSchema#string"},{"name":"namedindividual","title":"NamedIndividual","type":"integer","rdfType":"http://www.w3.org/2001/XMLSchema#integer"},{"name":"accusedref","title":"AccusedRef","type":"string","rdfType":"http://www.w3.org/2001/XMLSchema#string"},{"name":"casestart_date","title":"CaseStart_date","type":"string","rdfType":"http://www.w3.org/2001/XMLSchema#string"},{"name":"casestart_date_as_date","title":"CaseStart_date_as_date","type":"datetime","rdfType":"http://www.w3.org/2001/XMLSchema#dateTime"},{"name":"case_date","title":"Case_date","type":"string","rdfType":"http://www.w3.org/2001/XMLSchema#string"},{"name":"case_date_as_date","title":"Case_date_as_date","type":"datetime","rdfType":"http://www.w3.org/2001/XMLSchema#dateTime"},{"name":"age_at_case","title":"Age_at_case","type":"integer","rdfType":"http://www.w3.org/2001/XMLSchema#integer"},{"name":"casecommonname","title":"CaseCommonName","type":"string","rdfType":"http://www.w3.org/2001/XMLSchema#string"},{"name":"commission","title":"Commission","type":"string","rdfType":"http://www.w3.org/2001/XMLSchema#string"},{"name":"complaint","title":"Complaint","type":"string","rdfType":"http://www.w3.org/2001/XMLSchema#string"},{"name":"correspondence","title":"Correspondence","type":"string","rdfType":"http://www.w3.org/2001/XMLSchema#string"},{"name":"chronicle","title":"Chronicle","type":"string","rdfType":"http://www.w3.org/2001/XMLSchema#string"},{"name":"other","title":"Other","type":"string","rdfType":"http://www.w3.org/2001/XMLSchema#string"},{"name":"suspects_text","title":"Suspects_text","type":"integer","rdfType":"http://www.w3.org/2001/XMLSchema#integer"},{"name":"unorthodoxrelpract_p","title":"UNorthodoxRelPract_p","type":"boolean","rdfType":"http://www.w3.org/2001/XMLSchema#boolean"},{"name":"unorthodoxrelpract_s","title":"UNorthodoxRelPract_s","type":"boolean","rdfType":"http://www.w3.org/2001/XMLSchema#boolean"},{"name":"consulting_p","title":"Consulting_p","type":"boolean","rdfType":"http://www.w3.org/2001/XMLSchema#boolean"},{"name":"consulting_s","title":"Consulting_s","type":"boolean","rdfType":"http://www.w3.org/2001/XMLSchema#boolean"},{"name":"demonic_p","title":"Demonic_p","type":"boolean","rdfType":"http://www.w3.org/2001/XMLSchema#boolean"},{"name":"demonic_s","title":"Demonic_s","type":"boolean","rdfType":"http://www.w3.org/2001/XMLSchema#boolean"},{"name":"demonic_possess_p","title":"Demonic_possess_p","type":"boolean","rdfType":"http://www.w3.org/2001/XMLSchema#boolean"},{"name":"demonic_possess_s","title":"Demonic_possess_s","type":"boolean","rdfType":"http://www.w3.org/2001/XMLSchema#boolean"},{"name":"fairies_p","title":"Fairies_p","type":"boolean","rdfType":"http://www.w3.org/2001/XMLSchema#boolean"},{"name":"fairies_s","title":"Fairies_s","type":"boolean","rdfType":"http://www.w3.org/2001/XMLSchema#boolean"},{"name":"folk_healing_p","title":"Folk_healing_p","type":"boolean","rdfType":"http://www.w3.org/2001/XMLSchema#boolean"},{"name":"folk_healing_s","title":"Folk_healing_s","type":"boolean","rdfType":"http://www.w3.org/2001/XMLSchema#boolean"},{"name":"maleficium_p","title":"Maleficium_p","type":"boolean","rdfType":"http://www.w3.org/2001/XMLSchema#boolean"},{"name":"maleficium_s","title":"Maleficium_s","type":"boolean","rdfType":"http://www.w3.org/2001/XMLSchema#boolean"},{"name":"midwifery_p","title":"Midwifery_p","type":"boolean","rdfType":"http://www.w3.org/2001/XMLSchema#boolean"},{"name":"midwifery_s","title":"Midwifery_s","type":"boolean","rdfType":"http://www.w3.org/2001/XMLSchema#boolean"},{"name":"implicatedbyanother_p","title":"ImplicatedByAnother_p","type":"boolean","rdfType":"http://www.w3.org/2001/XMLSchema#boolean"},{"name":"implicatedbyanother_s","title":"ImplicatedByAnother_s","type":"boolean","rdfType":"http://www.w3.org/2001/XMLSchema#boolean"},{"name":"neighbhd_dispute_p","title":"Neighbhd_dispute_p","type":"boolean","rdfType":"http://www.w3.org/2001/XMLSchema#boolean"},{"name":"neighbhd_dispute_s","title":"Neighbhd_dispute_s","type":"boolean","rdfType":"http://www.w3.org/2001/XMLSchema#boolean"},{"name":"politicalmotive_p","title":"PoliticalMotive_p","type":"boolean","rdfType":"http://www.w3.org/2001/XMLSchema#boolean"},{"name":"politicalmotive_s","title":"PoliticalMotive_s","type":"boolean","rdfType":"http://www.w3.org/2001/XMLSchema#boolean"},{"name":"propertymotive_p","title":"PropertyMotive_p","type":"boolean","rdfType":"http://www.w3.org/2001/XMLSchema#boolean"},{"name":"propertymotive_s","title":"PropertyMotive_s","type":"boolean","rdfType":"http://www.w3.org/2001/XMLSchema#boolean"},{"name":"refusedcharity_p","title":"RefusedCharity_p","type":"boolean","rdfType":"http://www.w3.org/2001/XMLSchema#boolean"},{"name":"refusedcharity_s","title":"RefusedCharity_s","type":"boolean","rdfType":"http://www.w3.org/2001/XMLSchema#boolean"},{"name":"treason_p","title":"Treason_p","type":"boolean","rdfType":"http://www.w3.org/2001/XMLSchema#boolean"},{"name":"treason_s","title":"Treason_s","type":"boolean","rdfType":"http://www.w3.org/2001/XMLSchema#boolean"},{"name":"other_p","title":"Other_p","type":"boolean","rdfType":"http://www.w3.org/2001/XMLSchema#boolean"},{"name":"other_s","title":"Other_s","type":"boolean","rdfType":"http://www.w3.org/2001/XMLSchema#boolean"},{"name":"othertext","title":"OtherText","type":"string","rdfType":"http://www.w3.org/2001/XMLSchema#string"},{"name":"notenoughinfo_p","title":"NotEnoughInfo_p","type":"boolean","rdfType":"http://www.w3.org/2001/XMLSchema#boolean"},{"name":"notenoughinfo_s","title":"NotEnoughInfo_s","type":"boolean","rdfType":"http://www.w3.org/2001/XMLSchema#boolean"},{"name":"whitemagic_p","title":"WhiteMagic_p","type":"boolean","rdfType":"http://www.w3.org/2001/XMLSchema#boolean"},{"name":"whitemagic_s","title":"WhiteMagic_s","type":"boolean","rdfType":"http://www.w3.org/2001/XMLSchema#boolean"},{"name":"charnotes","title":"Charnotes","type":"string","rdfType":"http://www.w3.org/2001/XMLSchema#string"},{"name":"demonicpact","title":"DemonicPact","type":"boolean","rdfType":"http://www.w3.org/2001/XMLSchema#boolean"},{"name":"devilnotes","title":"DevilNotes","type":"string","rdfType":"http://www.w3.org/2001/XMLSchema#string"},{"name":"witchesmeeting","title":"WitchesMeeting","type":"boolean","rdfType":"http://www.w3.org/2001/XMLSchema#boolean"},{"name":"meetingname","title":"MeetingName","type":"string","rdfType":"http://www.w3.org/2001/XMLSchema#string"},{"name":"devilpresent","title":"DevilPresent","type":"boolean","rdfType":"http://www.w3.org/2001/XMLSchema#boolean"},{"name":"maleficium","title":"Maleficium","type":"boolean","rdfType":"http://www.w3.org/2001/XMLSchema#boolean"},{"name":"communalsex","title":"CommunalSex","type":"boolean","rdfType":"http://www.w3.org/2001/XMLSchema#boolean"},{"name":"devilworship","title":"DevilWorship","type":"boolean","rdfType":"http://www.w3.org/2001/XMLSchema#boolean"},{"name":"foodanddrink","title":"FoodAndDrink","type":"boolean","rdfType":"http://www.w3.org/2001/XMLSchema#boolean"},{"name":"dancing","title":"Dancing","type":"boolean","rdfType":"http://www.w3.org/2001/XMLSchema#boolean"},{"name":"singing","title":"Singing","type":"boolean","rdfType":"http://www.w3.org/2001/XMLSchema#boolean"},{"name":"singingtext","title":"SingingText","type":"string","rdfType":"http://www.w3.org/2001/XMLSchema#string"},{"name":"otherpractices","title":"OtherPractices","type":"string","rdfType":"http://www.w3.org/2001/XMLSchema#string"},{"name":"meetingnotes","title":"MeetingNotes","type":"string","rdfType":"http://www.w3.org/2001/XMLSchema#string"},{"name":"elphane_fairyland","title":"Elphane/Fairyland","type":"boolean","rdfType":"http://www.w3.org/2001/XMLSchema#boolean"},{"name":"food_drink","title":"Food/Drink","type":"boolean","rdfType":"http://www.w3.org/2001/XMLSchema#boolean"},{"name":"specificverbalformulae","title":"SpecificVerbalFormulae","type":"boolean","rdfType":"http://www.w3.org/2001/XMLSchema#boolean"},{"name":"specificritualacts","title":"SpecificRitualActs","type":"boolean","rdfType":"http://www.w3.org/2001/XMLSchema#boolean"},{"name":"familiars","title":"Familiars","type":"boolean","rdfType":"http://www.w3.org/2001/XMLSchema#boolean"},{"name":"shape_changing","title":"Shape-Changing","type":"boolean","rdfType":"http://www.w3.org/2001/XMLSchema#boolean"},{"name":"dreams_visions","title":"Dreams/Visions","type":"boolean","rdfType":"http://www.w3.org/2001/XMLSchema#boolean"},{"name":"unorthodoxreligiouspractice","title":"UnorthodoxReligiousPractice","type":"boolean","rdfType":"http://www.w3.org/2001/XMLSchema#boolean"},{"name":"sympatheticmagic","title":"SympatheticMagic","type":"boolean","rdfType":"http://www.w3.org/2001/XMLSchema#boolean"},{"name":"ridingdead","title":"Ridingdead","type":"boolean","rdfType":"http://www.w3.org/2001/XMLSchema#boolean"},{"name":"folknotes","title":"FolkNotes","type":"string","rdfType":"http://www.w3.org/2001/XMLSchema#string"},{"name":"humanillness","title":"HumanIllness","type":"boolean","rdfType":"http://www.w3.org/2001/XMLSchema#boolean"},{"name":"humandeath","title":"HumanDeath","type":"boolean","rdfType":"http://www.w3.org/2001/XMLSchema#boolean"},{"name":"animalillness","title":"AnimalIllness","type":"boolean","rdfType":"http://www.w3.org/2001/XMLSchema#boolean"},{"name":"animaldeath","title":"AnimalDeath","type":"boolean","rdfType":"http://www.w3.org/2001/XMLSchema#boolean"},{"name":"femaleinfertility","title":"FemaleInfertility","type":"boolean","rdfType":"http://www.w3.org/2001/XMLSchema#boolean"},{"name":"maleimpotence","title":"MaleImpotence","type":"boolean","rdfType":"http://www.w3.org/2001/XMLSchema#boolean"},{"name":"aggravatingdisease","title":"AggravatingDisease","type":"boolean","rdfType":"http://www.w3.org/2001/XMLSchema#boolean"},{"name":"transferringdisease","title":"TransferringDisease","type":"boolean","rdfType":"http://www.w3.org/2001/XMLSchema#boolean"},{"name":"layingon","title":"LayingOn","type":"boolean","rdfType":"http://www.w3.org/2001/XMLSchema#boolean"},{"name":"removalbewitchment","title":"Removalbewitchment","type":"boolean","rdfType":"http://www.w3.org/2001/XMLSchema#boolean"},{"name":"quarreling","title":"Quarreling","type":"boolean","rdfType":"http://www.w3.org/2001/XMLSchema#boolean"},{"name":"cursing","title":"Cursing","type":"boolean","rdfType":"http://www.w3.org/2001/XMLSchema#boolean"},{"name":"poisoning","title":"Poisoning","type":"boolean","rdfType":"http://www.w3.org/2001/XMLSchema#boolean"},{"name":"rechealer","title":"RecHealer","type":"boolean","rdfType":"http://www.w3.org/2001/XMLSchema#boolean"},{"name":"healinghumans","title":"HealingHumans","type":"boolean","rdfType":"http://www.w3.org/2001/XMLSchema#boolean"},{"name":"healinganimals","title":"HealingAnimals","type":"boolean","rdfType":"http://www.w3.org/2001/XMLSchema#boolean"},{"name":"midwifery","title":"Midwifery","type":"boolean","rdfType":"http://www.w3.org/2001/XMLSchema#boolean"},{"name":"diseasenotes","title":"DiseaseNotes","type":"string","rdfType":"http://www.w3.org/2001/XMLSchema#string"},{"name":"propertydamage","title":"PropertyDamage","type":"boolean","rdfType":"http://www.w3.org/2001/XMLSchema#boolean"},{"name":"weathermodification","title":"WeatherModification","type":"boolean","rdfType":"http://www.w3.org/2001/XMLSchema#boolean"},{"name":"othermaleficianotes","title":"OtherMaleficiaNotes","type":"string","rdfType":"http://www.w3.org/2001/XMLSchema#string"},{"name":"otherchargesnotes","title":"OtherChargesNotes","type":"string","rdfType":"http://www.w3.org/2001/XMLSchema#string"},{"name":"claimedbewitched","title":"ClaimedBewitched","type":"boolean","rdfType":"http://www.w3.org/2001/XMLSchema#boolean"},{"name":"claimedpossessed","title":"ClaimedPossessed","type":"boolean","rdfType":"http://www.w3.org/2001/XMLSchema#boolean"},{"name":"admitlessercharge","title":"AdmitLesserCharge","type":"boolean","rdfType":"http://www.w3.org/2001/XMLSchema#boolean"},{"name":"claimednaturalcauses","title":"ClaimedNaturalCauses","type":"boolean","rdfType":"http://www.w3.org/2001/XMLSchema#boolean"},{"name":"nodefence","title":"Nodefence","type":"boolean","rdfType":"http://www.w3.org/2001/XMLSchema#boolean"},{"name":"defensenotes","title":"DefenseNotes","type":"string","rdfType":"http://www.w3.org/2001/XMLSchema#string"},{"name":"casenotes","title":"CaseNotes","type":"string","rdfType":"http://www.w3.org/2001/XMLSchema#string"},{"name":"createdby","title":"Createdby","type":"string","rdfType":"http://www.w3.org/2001/XMLSchema#string"},{"name":"createdate","title":"Createdate","type":"datetime","rdfType":"http://www.w3.org/2001/XMLSchema#dateTime"},{"name":"lastupdatedby","title":"Lastupdatedby","type":"string","rdfType":"http://www.w3.org/2001/XMLSchema#string"},{"name":"lastupdatedon","title":"Lastupdatedon","type":"datetime","rdfType":"http://www.w3.org/2001/XMLSchema#dateTime"}]},"path":"data/wdb_case.csv","format":"csv"},{"name":"wdb_case_person","schema":{"fields":[{"name":"case_personref","title":"Case_personRef","type":"string","rdfType":"http://www.w3.org/2001/XMLSchema#string"},{"name":"case_personid","title":"Case_personID","type":"integer","rdfType":"http://www.w3.org/2001/XMLSchema#integer"},{"name":"case_personsystemid","title":"Case_personSystemId","type":"string","rdfType":"http://www.w3.org/2001/XMLSchema#string"},{"name":"caseref","title":"CaseRef","type":"string","rdfType":"http://www.w3.org/2001/XMLSchema#string"},{"name":"personref","title":"PersonRef","type":"string","rdfType":"http://www.w3.org/2001/XMLSchema#string"},{"name":"involvement","title":"Involvement","type":"string","rdfType":"http://www.w3.org/2001/XMLSchema#string"},{"name":"notes","title":"Notes","type":"string","rdfType":"http://www.w3.org/2001/XMLSchema#string"},{"name":"createdby","title":"Createdby","type":"string","rdfType":"http://www.w3.org/2001/XMLSchema#string"},{"name":"createdate","title":"Createdate","type":"datetime","rdfType":"http://www.w3.org/2001/XMLSchema#dateTime"},{"name":"lastupdatedby","title":"Lastupdatedby","type":"string","rdfType":"http://www.w3.org/2001/XMLSchema#string"},{"name":"lastupdatedon","title":"Lastupdatedon","type":"datetime","rdfType":"http://www.w3.org/2001/XMLSchema#dateTime"}]},"path":"data/wdb_case_person.csv","format":"csv"},{"name":"wdb_commission","schema":{"fields":[{"name":"commissionref","title":"CommissionRef","type":"string","rdfType":"http://www.w3.org/2001/XMLSchema#string"},{"name":"commissionsystemid","title":"CommissionSystemId","type":"string","rdfType":"http://www.w3.org/2001/XMLSchema#string"},{"name":"commissionid","title":"CommissionID","type":"integer","rdfType":"http://www.w3.org/2001/XMLSchema#integer"},{"name":"trialref","title":"Trialref","type":"string","rdfType":"http://www.w3.org/2001/XMLSchema#string"},{"name":"commbody","title":"Commbody","type":"string","rdfType":"http://www.w3.org/2001/XMLSchema#string"},{"name":"commtype","title":"Commtype","type":"string","rdfType":"http://www.w3.org/2001/XMLSchema#string"},{"name":"commexists","title":"Commexists","type":"boolean","rdfType":"http://www.w3.org/2001/XMLSchema#boolean"},{"name":"commdate","title":"Commdate","type":"string","rdfType":"http://www.w3.org/2001/XMLSchema#string"},{"name":"commdate_as_date","title":"Commdate_as_date","type":"datetime","rdfType":"http://www.w3.org/2001/XMLSchema#dateTime"},{"name":"seal","title":"Seal","type":"string","rdfType":"http://www.w3.org/2001/XMLSchema#string"},{"name":"notes","title":"Notes","type":"string","rdfType":"http://www.w3.org/2001/XMLSchema#string"},{"name":"createdby","title":"Createdby","type":"string","rdfType":"http://www.w3.org/2001/XMLSchema#string"},{"name":"createdate","title":"Createdate","type":"datetime","rdfType":"http://www.w3.org/2001/XMLSchema#dateTime"},{"name":"lastupdatedby","title":"Lastupdatedby","type":"string","rdfType":"http://www.w3.org/2001/XMLSchema#string"},{"name":"lastupdatedon","title":"Lastupdatedon","type":"datetime","rdfType":"http://www.w3.org/2001/XMLSchema#dateTime"}]},"path":"data/wdb_commission.csv","format":"csv"},{"name":"wdb_complaint","schema":{"fields":[{"name":"complaintref","title":"ComplaintRef","type":"string","rdfType":"http://www.w3.org/2001/XMLSchema#string"},{"name":"complaintsystemid","title":"ComplaintSystemId","type":"string","rdfType":"http://www.w3.org/2001/XMLSchema#string"},{"name":"complaintid","title":"ComplaintID","type":"integer","rdfType":"http://www.w3.org/2001/XMLSchema#integer"},{"name":"trialref","title":"Trialref","type":"string","rdfType":"http://www.w3.org/2001/XMLSchema#string"},{"name":"complaint","title":"Complaint","type":"boolean","rdfType":"http://www.w3.org/2001/XMLSchema#boolean"},{"name":"complaint_type","title":"Complaint_type","type":"string","rdfType":"http://www.w3.org/2001/XMLSchema#string"},{"name":"complaintdate","title":"Complaintdate","type":"string","rdfType":"http://www.w3.org/2001/XMLSchema#string"},{"name":"complaintdate_as_date","title":"Complaintdate_as_date","type":"datetime","rdfType":"http://www.w3.org/2001/XMLSchema#dateTime"},{"name":"wherelodged","title":"Wherelodged","type":"string","rdfType":"http://www.w3.org/2001/XMLSchema#string"},{"name":"accused_familyref","title":"Accused_familyRef","type":"string","rdfType":"http://www.w3.org/2001/XMLSchema#string"},{"name":"personref","title":"PersonRef","type":"string","rdfType":"http://www.w3.org/2001/XMLSchema#string"},{"name":"involvement","title":"Involvement","type":"string","rdfType":"http://www.w3.org/2001/XMLSchema#string"},{"name":"witchpricker","title":"WitchPricker","type":"boolean","rdfType":"http://www.w3.org/2001/XMLSchema#boolean"},{"name":"createdby","title":"Createdby","type":"string","rdfType":"http://www.w3.org/2001/XMLSchema#string"},{"name":"createdate","title":"Createdate","type":"datetime","rdfType":"http://www.w3.org/2001/XMLSchema#dateTime"},{"name":"lastupdatedby","title":"Lastupdatedby","type":"string","rdfType":"http://www.w3.org/2001/XMLSchema#string"},{"name":"lastupdatedon","title":"Lastupdatedon","type":"datetime","rdfType":"http://www.w3.org/2001/XMLSchema#dateTime"}]},"path":"data/wdb_complaint.csv","format":"csv"},{"name":"wdb_confession","schema":{"fields":[{"name":"confessionref","title":"ConfessionRef","type":"string","rdfType":"http://www.w3.org/2001/XMLSchema#string"},{"name":"confessionsystemid","title":"ConfessionSystemId","type":"string","rdfType":"http://www.w3.org/2001/XMLSchema#string"},{"name":"confessionid","title":"ConfessionID","type":"integer","rdfType":"http://www.w3.org/2001/XMLSchema#integer"},{"name":"trialref","title":"Trialref","type":"string","rdfType":"http://www.w3.org/2001/XMLSchema#string"},{"name":"centraltrialconfession","title":"CentralTrialConfession","type":"boolean","rdfType":"http://www.w3.org/2001/XMLSchema#boolean"},{"name":"confessionrec","title":"Confessionrec","type":"boolean","rdfType":"http://www.w3.org/2001/XMLSchema#boolean"},{"name":"confessiondate","title":"Confessiondate","type":"string","rdfType":"http://www.w3.org/2001/XMLSchema#string"},{"name":"confessiondate_as_date","title":"Confessiondate_as_date","type":"datetime","rdfType":"http://www.w3.org/2001/XMLSchema#dateTime"},{"name":"confessionplace","title":"Confessionplace","type":"string","rdfType":"http://www.w3.org/2001/XMLSchema#string"},{"name":"confessionlocation","title":"Confessionlocation","type":"string","rdfType":"http://www.w3.org/2001/XMLSchema#string"},{"name":"confessiontext","title":"Confessiontext","type":"boolean","rdfType":"http://www.w3.org/2001/XMLSchema#boolean"},{"name":"confessiondetails","title":"Confessiondetails","type":"boolean","rdfType":"http://www.w3.org/2001/XMLSchema#boolean"},{"name":"confessionret","title":"Confessionret","type":"boolean","rdfType":"http://www.w3.org/2001/XMLSchema#boolean"},{"name":"notes","title":"Notes","type":"string","rdfType":"http://www.w3.org/2001/XMLSchema#string"},{"name":"createdby","title":"Createdby","type":"string","rdfType":"http://www.w3.org/2001/XMLSchema#string"},{"name":"createdate","title":"Createdate","type":"datetime","rdfType":"http://www.w3.org/2001/XMLSchema#dateTime"},{"name":"lastupdatedby","title":"Lastupdatedby","type":"string","rdfType":"http://www.w3.org/2001/XMLSchema#string"},{"name":"lastupdatedon","title":"Lastupdatedon","type":"datetime","rdfType":"http://www.w3.org/2001/XMLSchema#dateTime"}]},"path":"data/wdb_confession.csv","format":"csv"},{"name":"wdb_counterstrategy","schema":{"fields":[{"name":"counterstrategyref","title":"CounterStrategyRef","type":"string","rdfType":"http://www.w3.org/2001/XMLSchema#string"},{"name":"counterstrategysystemid","title":"CounterStrategySystemId","type":"string","rdfType":"http://www.w3.org/2001/XMLSchema#string"},{"name":"counterstrategyid","title":"CounterStrategyID","type":"integer","rdfType":"http://www.w3.org/2001/XMLSchema#integer"},{"name":"caseref","title":"CaseRef","type":"string","rdfType":"http://www.w3.org/2001/XMLSchema#string"},{"name":"counterstrategy_type","title":"CounterStrategy_Type","type":"string","rdfType":"http://www.w3.org/2001/XMLSchema#string"},{"name":"createdby","title":"Createdby","type":"string","rdfType":"http://www.w3.org/2001/XMLSchema#string"},{"name":"createdate","title":"Createdate","type":"datetime","rdfType":"http://www.w3.org/2001/XMLSchema#dateTime"},{"name":"lastupdatedby","title":"Lastupdatedby","type":"string","rdfType":"http://www.w3.org/2001/XMLSchema#string"},{"name":"lastupdatedon","title":"Lastupdatedon","type":"datetime","rdfType":"http://www.w3.org/2001/XMLSchema#dateTime"}]},"path":"data/wdb_counterstrategy.csv","format":"csv"},{"name":"wdb_demonicpact","schema":{"fields":[{"name":"demonicref","title":"DemonicRef","type":"string","rdfType":"http://www.w3.org/2001/XMLSchema#string"},{"name":"demonicsystemid","title":"DemonicSystemId","type":"string","rdfType":"http://www.w3.org/2001/XMLSchema#string"},{"name":"demonicid","title":"DemonicID","type":"integer","rdfType":"http://www.w3.org/2001/XMLSchema#integer"},{"name":"caseref","title":"CaseRef","type":"string","rdfType":"http://www.w3.org/2001/XMLSchema#string"},{"name":"demonic_type","title":"Demonic_Type","type":"string","rdfType":"http://www.w3.org/2001/XMLSchema#string"},{"name":"demonic_text","title":"Demonic_Text","type":"string","rdfType":"http://www.w3.org/2001/XMLSchema#string"},{"name":"createdby","title":"Createdby","type":"string","rdfType":"http://www.w3.org/2001/XMLSchema#string"},{"name":"createdate","title":"Createdate","type":"datetime","rdfType":"http://www.w3.org/2001/XMLSchema#dateTime"},{"name":"lastupdatedby","title":"Lastupdatedby","type":"string","rdfType":"http://www.w3.org/2001/XMLSchema#string"},{"name":"lastupdatedon","title":"Lastupdatedon","type":"datetime","rdfType":"http://www.w3.org/2001/XMLSchema#dateTime"}]},"path":"data/wdb_demonicpact.csv","format":"csv"},{"name":"wdb_denunciation","schema":{"fields":[{"name":"denuncref","title":"DenuncRef","type":"string","rdfType":"http://www.w3.org/2001/XMLSchema#string"},{"name":"denuncsystemid","title":"DenuncSystemId","type":"string","rdfType":"http://www.w3.org/2001/XMLSchema#string"},{"name":"denuncid","title":"DenuncID","type":"integer","rdfType":"http://www.w3.org/2001/XMLSchema#integer"},{"name":"trialref","title":"Trialref","type":"string","rdfType":"http://www.w3.org/2001/XMLSchema#string"},{"name":"denunc_exists","title":"Denunc_exists","type":"boolean","rdfType":"http://www.w3.org/2001/XMLSchema#boolean"},{"name":"denuncdate","title":"Denuncdate","type":"string","rdfType":"http://www.w3.org/2001/XMLSchema#string"},{"name":"denuncdate_as_date","title":"Denuncdate_as_date","type":"datetime","rdfType":"http://www.w3.org/2001/XMLSchema#dateTime"},{"name":"denunc_text","title":"Denunc_text","type":"string","rdfType":"http://www.w3.org/2001/XMLSchema#string"},{"name":"createdby","title":"Createdby","type":"string","rdfType":"http://www.w3.org/2001/XMLSchema#string"},{"name":"createdate","title":"Createdate","type":"datetime","rdfType":"http://www.w3.org/2001/XMLSchema#dateTime"},{"name":"lastupdatedby","title":"Lastupdatedby","type":"string","rdfType":"http://www.w3.org/2001/XMLSchema#string"},{"name":"lastupdatedon","title":"Lastupdatedon","type":"datetime","rdfType":"http://www.w3.org/2001/XMLSchema#dateTime"}]},"path":"data/wdb_denunciation.csv","format":"csv"},{"name":"wdb_devilappearance","schema":{"fields":[{"name":"devilref","title":"DevilRef","type":"string","rdfType":"http://www.w3.org/2001/XMLSchema#string"},{"name":"devilsystemid","title":"DevilSystemId","type":"string","rdfType":"http://www.w3.org/2001/XMLSchema#string"},{"name":"devilid","title":"DevilID","type":"integer","rdfType":"http://www.w3.org/2001/XMLSchema#integer"},{"name":"caseref","title":"CaseRef","type":"string","rdfType":"http://www.w3.org/2001/XMLSchema#string"},{"name":"devil_type","title":"Devil_Type","type":"string","rdfType":"http://www.w3.org/2001/XMLSchema#string"},{"name":"devil_text","title":"Devil_Text","type":"string","rdfType":"http://www.w3.org/2001/XMLSchema#string"},{"name":"createdby","title":"Createdby","type":"string","rdfType":"http://www.w3.org/2001/XMLSchema#string"},{"name":"createdate","title":"Createdate","type":"datetime","rdfType":"http://www.w3.org/2001/XMLSchema#dateTime"},{"name":"lastupdatedby","title":"Lastupdatedby","type":"string","rdfType":"http://www.w3.org/2001/XMLSchema#string"},{"name":"lastupdatedon","title":"Lastupdatedon","type":"datetime","rdfType":"http://www.w3.org/2001/XMLSchema#dateTime"}]},"path":"data/wdb_devilappearance.csv","format":"csv"},{"name":"wdb_elf_fairyelements","schema":{"fields":[{"name":"elffairyref","title":"ElfFairyRef","type":"string","rdfType":"http://www.w3.org/2001/XMLSchema#string"},{"name":"elffairysystemid","title":"ElfFairySystemId","type":"string","rdfType":"http://www.w3.org/2001/XMLSchema#string"},{"name":"elffairyid","title":"ElfFairyID","type":"integer","rdfType":"http://www.w3.org/2001/XMLSchema#integer"},{"name":"caseref","title":"CaseRef","type":"string","rdfType":"http://www.w3.org/2001/XMLSchema#string"},{"name":"elffairy_type","title":"ElfFairy_Type","type":"string","rdfType":"http://www.w3.org/2001/XMLSchema#string"},{"name":"createdby","title":"Createdby","type":"string","rdfType":"http://www.w3.org/2001/XMLSchema#string"},{"name":"createdate","title":"Createdate","type":"datetime","rdfType":"http://www.w3.org/2001/XMLSchema#dateTime"},{"name":"lastupdatedby","title":"Lastupdatedby","type":"string","rdfType":"http://www.w3.org/2001/XMLSchema#string"},{"name":"lastupdatedon","title":"Lastupdatedon","type":"datetime","rdfType":"http://www.w3.org/2001/XMLSchema#dateTime"}]},"path":"data/wdb_elf_fairyelements.csv","format":"csv"},{"name":"wdb_imprisonment","schema":{"fields":[{"name":"imprisonref","title":"ImprisonRef","type":"string","rdfType":"http://www.w3.org/2001/XMLSchema#string"},{"name":"imprisonsystemid","title":"ImprisonSystemId","type":"string","rdfType":"http://www.w3.org/2001/XMLSchema#string"},{"name":"imprisonid","title":"ImprisonID","type":"integer","rdfType":"http://www.w3.org/2001/XMLSchema#integer"},{"name":"trialref","title":"Trialref","type":"string","rdfType":"http://www.w3.org/2001/XMLSchema#string"},{"name":"centraltrialimprison","title":"CentralTrialImprison","type":"boolean","rdfType":"http://www.w3.org/2001/XMLSchema#boolean"},{"name":"imprisondate","title":"Imprisondate","type":"string","rdfType":"http://www.w3.org/2001/XMLSchema#string"},{"name":"imprisondate_as_date","title":"Imprisondate_as_date","type":"datetime","rdfType":"http://www.w3.org/2001/XMLSchema#dateTime"},{"name":"prison","title":"Prison","type":"string","rdfType":"http://www.w3.org/2001/XMLSchema#string"},{"name":"location","title":"Location","type":"string","rdfType":"http://www.w3.org/2001/XMLSchema#string"},{"name":"moving","title":"Moving","type":"boolean","rdfType":"http://www.w3.org/2001/XMLSchema#boolean"},{"name":"fate_in_prison","title":"Fate_in_prison","type":"string","rdfType":"http://www.w3.org/2001/XMLSchema#string"},{"name":"createdby","title":"Createdby","type":"string","rdfType":"http://www.w3.org/2001/XMLSchema#string"},{"name":"createdate","title":"Createdate","type":"datetime","rdfType":"http://www.w3.org/2001/XMLSchema#dateTime"},{"name":"lastupdatedby","title":"Lastupdatedby","type":"string","rdfType":"http://www.w3.org/2001/XMLSchema#string"},{"name":"lastupdatedon","title":"Lastupdatedon","type":"datetime","rdfType":"http://www.w3.org/2001/XMLSchema#dateTime"}]},"path":"data/wdb_imprisonment.csv","format":"csv"},{"name":"wdb_linkedtrial","schema":{"fields":[{"name":"onetrialref","title":"OneTrialref","type":"string","rdfType":"http://www.w3.org/2001/XMLSchema#string"},{"name":"twotrialref","title":"TwoTrialref","type":"string","rdfType":"http://www.w3.org/2001/XMLSchema#string"},{"name":"createdby","title":"Createdby","type":"string","rdfType":"http://www.w3.org/2001/XMLSchema#string"},{"name":"createdate","title":"Createdate","type":"string","rdfType":"http://www.w3.org/2001/XMLSchema#string"},{"name":"lastupdatedby","title":"Lastupdatedby","type":"string","rdfType":"http://www.w3.org/2001/XMLSchema#string"},{"name":"lastupdatedon","title":"Lastupdatedon","type":"string","rdfType":"http://www.w3.org/2001/XMLSchema#string"}]},"path":"data/wdb_linkedtrial.csv","format":"csv"},{"name":"wdb_malice","schema":{"fields":[{"name":"maliceref","title":"MaliceRef","type":"string","rdfType":"http://www.w3.org/2001/XMLSchema#string"},{"name":"malicesystemid","title":"MaliceSystemId","type":"string","rdfType":"http://www.w3.org/2001/XMLSchema#string"},{"name":"maliceid","title":"MaliceID","type":"integer","rdfType":"http://www.w3.org/2001/XMLSchema#integer"},{"name":"caseref","title":"CaseRef","type":"string","rdfType":"http://www.w3.org/2001/XMLSchema#string"},{"name":"causeofmalice","title":"Causeofmalice","type":"string","rdfType":"http://www.w3.org/2001/XMLSchema#string"},{"name":"createdby","title":"Createdby","type":"string","rdfType":"http://www.w3.org/2001/XMLSchema#string"},{"name":"createdate","title":"Createdate","type":"datetime","rdfType":"http://www.w3.org/2001/XMLSchema#dateTime"},{"name":"lastupdatedby","title":"Lastupdatedby","type":"string","rdfType":"http://www.w3.org/2001/XMLSchema#string"},{"name":"lastupdatedon","title":"Lastupdatedon","type":"datetime","rdfType":"http://www.w3.org/2001/XMLSchema#dateTime"}]},"path":"data/wdb_malice.csv","format":"csv"},{"name":"wdb_mentionedaswitch","schema":{"fields":[{"name":"mentionref","title":"MentionRef","type":"string","rdfType":"http://www.w3.org/2001/XMLSchema#string"},{"name":"mentionsystemid","title":"MentionSystemId","type":"string","rdfType":"http://www.w3.org/2001/XMLSchema#string"},{"name":"mentionid","title":"MentionID","type":"integer","rdfType":"http://www.w3.org/2001/XMLSchema#integer"},{"name":"trialref","title":"Trialref","type":"string","rdfType":"http://www.w3.org/2001/XMLSchema#string"},{"name":"mentiondate","title":"Mentiondate","type":"string","rdfType":"http://www.w3.org/2001/XMLSchema#string"},{"name":"mentiondate_as_date","title":"Mentiondate_as_date","type":"datetime","rdfType":"http://www.w3.org/2001/XMLSchema#dateTime"},{"name":"mentiontype","title":"Mentiontype","type":"string","rdfType":"http://www.w3.org/2001/XMLSchema#string"},{"name":"trialofaccusedref","title":"TrialOfAccusedRef","type":"string","rdfType":"http://www.w3.org/2001/XMLSchema#string"},{"name":"trialoffirstname","title":"TrialOfFirstName","type":"string","rdfType":"http://www.w3.org/2001/XMLSchema#string"},{"name":"trialoflastname","title":"TrialOfLastName","type":"string","rdfType":"http://www.w3.org/2001/XMLSchema#string"},{"name":"mentionedintrialofref","title":"MentionedInTrialOfRef","type":"string","rdfType":"http://www.w3.org/2001/XMLSchema#string"},{"name":"dateofmentionedtrial","title":"dateOfMentionedTrial","type":"string","rdfType":"http://www.w3.org/2001/XMLSchema#string"},{"name":"dateofmentionedtrial_as_date","title":"dateOfMentionedTrial_as_date","type":"datetime","rdfType":"http://www.w3.org/2001/XMLSchema#dateTime"},{"name":"fateofmentionedwitch","title":"FateOfMentionedWitch","type":"string","rdfType":"http://www.w3.org/2001/XMLSchema#string"},{"name":"notes","title":"Notes","type":"string","rdfType":"http://www.w3.org/2001/XMLSchema#string"},{"name":"createdby","title":"Createdby","type":"string","rdfType":"http://www.w3.org/2001/XMLSchema#string"},{"name":"createdate","title":"Createdate","type":"datetime","rdfType":"http://www.w3.org/2001/XMLSchema#dateTime"},{"name":"lastupdatedby","title":"Lastupdatedby","type":"string","rdfType":"http://www.w3.org/2001/XMLSchema#string"},{"name":"lastupdatedon","title":"Lastupdatedon","type":"datetime","rdfType":"http://www.w3.org/2001/XMLSchema#dateTime"}]},"path":"data/wdb_mentionedaswitch.csv","format":"csv"},{"name":"wdb_movestohla","schema":{"fields":[{"name":"moveref","title":"MoveRef","type":"string","rdfType":"http://www.w3.org/2001/XMLSchema#string"},{"name":"movesystemid","title":"MoveSystemId","type":"string","rdfType":"http://www.w3.org/2001/XMLSchema#string"},{"name":"moveid","title":"MoveID","type":"integer","rdfType":"http://www.w3.org/2001/XMLSchema#integer"},{"name":"trialref","title":"Trialref","type":"string","rdfType":"http://www.w3.org/2001/XMLSchema#string"},{"name":"moveto","title":"Moveto","type":"string","rdfType":"http://www.w3.org/2001/XMLSchema#string"},{"name":"moveexists","title":"Moveexists","type":"boolean","rdfType":"http://www.w3.org/2001/XMLSchema#boolean"},{"name":"movedate","title":"Movedate","type":"string","rdfType":"http://www.w3.org/2001/XMLSchema#string"},{"name":"movedate_as_date","title":"Movedate_as_date","type":"datetime","rdfType":"http://www.w3.org/2001/XMLSchema#dateTime"},{"name":"createdby","title":"Createdby","type":"string","rdfType":"http://www.w3.org/2001/XMLSchema#string"},{"name":"createdate","title":"Createdate","type":"datetime","rdfType":"http://www.w3.org/2001/XMLSchema#dateTime"},{"name":"lastupdatedby","title":"Lastupdatedby","type":"string","rdfType":"http://www.w3.org/2001/XMLSchema#string"},{"name":"lastupdatedon","title":"Lastupdatedon","type":"datetime","rdfType":"http://www.w3.org/2001/XMLSchema#dateTime"}]},"path":"data/wdb_movestohla.csv","format":"csv"},{"name":"wdb_musicalinstrument","schema":{"fields":[{"name":"musicalinstrumentref","title":"MusicalInstrumentRef","type":"string","rdfType":"http://www.w3.org/2001/XMLSchema#string"},{"name":"musicalinstrumentsystemid","title":"MusicalInstrumentSystemId","type":"string","rdfType":"http://www.w3.org/2001/XMLSchema#string"},{"name":"musicalinstrumentid","title":"MusicalInstrumentID","type":"integer","rdfType":"http://www.w3.org/2001/XMLSchema#integer"},{"name":"caseref","title":"CaseRef","type":"string","rdfType":"http://www.w3.org/2001/XMLSchema#string"},{"name":"musicalinstrument_type","title":"MusicalInstrument_Type","type":"string","rdfType":"http://www.w3.org/2001/XMLSchema#string"},{"name":"musicalinstrument_text","title":"MusicalInstrument_Text","type":"string","rdfType":"http://www.w3.org/2001/XMLSchema#string"},{"name":"createdby","title":"Createdby","type":"string","rdfType":"http://www.w3.org/2001/XMLSchema#string"},{"name":"createdate","title":"Createdate","type":"datetime","rdfType":"http://www.w3.org/2001/XMLSchema#dateTime"},{"name":"lastupdatedby","title":"Lastupdatedby","type":"string","rdfType":"http://www.w3.org/2001/XMLSchema#string"},{"name":"lastupdatedon","title":"Lastupdatedon","type":"datetime","rdfType":"http://www.w3.org/2001/XMLSchema#dateTime"}]},"path":"data/wdb_musicalinstrument.csv","format":"csv"},{"name":"wdb_ordeal","schema":{"fields":[{"name":"ordealref","title":"OrdealRef","type":"string","rdfType":"http://www.w3.org/2001/XMLSchema#string"},{"name":"ordealsystemid","title":"OrdealSystemId","type":"string","rdfType":"http://www.w3.org/2001/XMLSchema#string"},{"name":"ordealid","title":"OrdealID","type":"integer","rdfType":"http://www.w3.org/2001/XMLSchema#integer"},{"name":"trialref","title":"Trialref","type":"string","rdfType":"http://www.w3.org/2001/XMLSchema#string"},{"name":"ordealexists","title":"Ordealexists","type":"boolean","rdfType":"http://www.w3.org/2001/XMLSchema#boolean"},{"name":"ordealdate","title":"Ordealdate","type":"string","rdfType":"http://www.w3.org/2001/XMLSchema#string"},{"name":"ordealdate_as_date","title":"Ordealdate_as_date","type":"datetime","rdfType":"http://www.w3.org/2001/XMLSchema#dateTime"},{"name":"ordealtype","title":"Ordealtype","type":"string","rdfType":"http://www.w3.org/2001/XMLSchema#string"},{"name":"createdby","title":"Createdby","type":"string","rdfType":"http://www.w3.org/2001/XMLSchema#string"},{"name":"createdate","title":"Createdate","type":"datetime","rdfType":"http://www.w3.org/2001/XMLSchema#dateTime"},{"name":"lastupdatedby","title":"Lastupdatedby","type":"string","rdfType":"http://www.w3.org/2001/XMLSchema#string"},{"name":"lastupdatedon","title":"Lastupdatedon","type":"datetime","rdfType":"http://www.w3.org/2001/XMLSchema#dateTime"}]},"path":"data/wdb_ordeal.csv","format":"csv"},{"name":"wdb_othercharges","schema":{"fields":[{"name":"otherchargesref","title":"OtherChargesRef","type":"string","rdfType":"http://www.w3.org/2001/XMLSchema#string"},{"name":"otherchargessystemid","title":"OtherChargesSystemId","type":"string","rdfType":"http://www.w3.org/2001/XMLSchema#string"},{"name":"otherchargesid","title":"OtherChargesID","type":"integer","rdfType":"http://www.w3.org/2001/XMLSchema#integer"},{"name":"caseref","title":"CaseRef","type":"string","rdfType":"http://www.w3.org/2001/XMLSchema#string"},{"name":"othercharges_type","title":"OtherCharges_Type","type":"string","rdfType":"http://www.w3.org/2001/XMLSchema#string"},{"name":"createdby","title":"Createdby","type":"string","rdfType":"http://www.w3.org/2001/XMLSchema#string"},{"name":"createdate","title":"Createdate","type":"datetime","rdfType":"http://www.w3.org/2001/XMLSchema#dateTime"},{"name":"lastupdatedby","title":"Lastupdatedby","type":"string","rdfType":"http://www.w3.org/2001/XMLSchema#string"},{"name":"lastupdatedon","title":"Lastupdatedon","type":"datetime","rdfType":"http://www.w3.org/2001/XMLSchema#dateTime"}]},"path":"data/wdb_othercharges.csv","format":"csv"},{"name":"wdb_othernamedwitch","schema":{"fields":[{"name":"namedwitchref","title":"NamedWitchRef","type":"string","rdfType":"http://www.w3.org/2001/XMLSchema#string"},{"name":"namedwitchsystemid","title":"NamedWitchSystemId","type":"string","rdfType":"http://www.w3.org/2001/XMLSchema#string"},{"name":"namedwitchid","title":"NamedWitchID","type":"integer","rdfType":"http://www.w3.org/2001/XMLSchema#integer"},{"name":"trialref","title":"Trialref","type":"string","rdfType":"http://www.w3.org/2001/XMLSchema#string"},{"name":"mentiontype","title":"Mentiontype","type":"string","rdfType":"http://www.w3.org/2001/XMLSchema#string"},{"name":"namedwitchaccusedref","title":"NamedWitchAccusedRef","type":"string","rdfType":"http://www.w3.org/2001/XMLSchema#string"},{"name":"namedwitchfirstname","title":"NamedWitchFirstName","type":"string","rdfType":"http://www.w3.org/2001/XMLSchema#string"},{"name":"namedwitchlastname","title":"NamedWitchLastName","type":"string","rdfType":"http://www.w3.org/2001/XMLSchema#string"},{"name":"namedwitchtrialofref","title":"NamedWitchTrialOfRef","type":"string","rdfType":"http://www.w3.org/2001/XMLSchema#string"},{"name":"dateofnamedwitchtrial","title":"dateOfNamedWitchTrial","type":"string","rdfType":"http://www.w3.org/2001/XMLSchema#string"},{"name":"dateofnamedwitchtrial_as_date","title":"dateOfNamedWitchTrial_as_date","type":"datetime","rdfType":"http://www.w3.org/2001/XMLSchema#dateTime"},{"name":"notes","title":"Notes","type":"string","rdfType":"http://www.w3.org/2001/XMLSchema#string"},{"name":"createdby","title":"Createdby","type":"string","rdfType":"http://www.w3.org/2001/XMLSchema#string"},{"name":"createdate","title":"Createdate","type":"datetime","rdfType":"http://www.w3.org/2001/XMLSchema#dateTime"},{"name":"lastupdatedby","title":"Lastupdatedby","type":"string","rdfType":"http://www.w3.org/2001/XMLSchema#string"},{"name":"lastupdatedon","title":"Lastupdatedon","type":"datetime","rdfType":"http://www.w3.org/2001/XMLSchema#dateTime"}]},"path":"data/wdb_othernamedwitch.csv","format":"csv"},{"name":"wdb_person","schema":{"fields":[{"name":"personref","title":"PersonRef","type":"string","rdfType":"http://www.w3.org/2001/XMLSchema#string"},{"name":"personid","title":"PersonID","type":"integer","rdfType":"http://www.w3.org/2001/XMLSchema#integer"},{"name":"personsystemid","title":"PersonSystemId","type":"string","rdfType":"http://www.w3.org/2001/XMLSchema#string"},{"name":"firstname","title":"FirstName","type":"string","rdfType":"http://www.w3.org/2001/XMLSchema#string"},{"name":"lastname","title":"LastName","type":"string","rdfType":"http://www.w3.org/2001/XMLSchema#string"},{"name":"other_details","title":"Other Details","type":"string","rdfType":"http://www.w3.org/2001/XMLSchema#string"},{"name":"title","title":"Title","type":"string","rdfType":"http://www.w3.org/2001/XMLSchema#string"},{"name":"occupation","title":"Occupation","type":"string","rdfType":"http://www.w3.org/2001/XMLSchema#string"},{"name":"office","title":"Office","type":"string","rdfType":"http://www.w3.org/2001/XMLSchema#string"},{"name":"residence","title":"Residence","type":"string","rdfType":"http://www.w3.org/2001/XMLSchema#string"},{"name":"isdeleted","title":"IsDeleted","type":"boolean","rdfType":"http://www.w3.org/2001/XMLSchema#boolean"},{"name":"notes","title":"Notes","type":"string","rdfType":"http://www.w3.org/2001/XMLSchema#string"},{"name":"createdby","title":"Createdby","type":"string","rdfType":"http://www.w3.org/2001/XMLSchema#string"},{"name":"createdate","title":"Createdate","type":"datetime","rdfType":"http://www.w3.org/2001/XMLSchema#dateTime"},{"name":"lastupdatedby","title":"Lastupdatedby","type":"string","rdfType":"http://www.w3.org/2001/XMLSchema#string"},{"name":"lastupdatedon","title":"Lastupdatedon","type":"datetime","rdfType":"http://www.w3.org/2001/XMLSchema#dateTime"}]},"path":"data/wdb_person.csv","format":"csv"},{"name":"wdb_prevcommission","schema":{"fields":[{"name":"prevcommref","title":"PrevCommRef","type":"string","rdfType":"http://www.w3.org/2001/XMLSchema#string"},{"name":"prevcommsystemid","title":"PrevCommSystemId","type":"string","rdfType":"http://www.w3.org/2001/XMLSchema#string"},{"name":"prevcommid","title":"PrevCommID","type":"integer","rdfType":"http://www.w3.org/2001/XMLSchema#integer"},{"name":"trialref","title":"Trialref","type":"string","rdfType":"http://www.w3.org/2001/XMLSchema#string"},{"name":"prevcommexists","title":"PrevCommexists","type":"boolean","rdfType":"http://www.w3.org/2001/XMLSchema#boolean"},{"name":"prevcommdate","title":"PrevCommdate","type":"gyearmonth","rdfType":"http://www.w3.org/2001/XMLSchema#gYearMonth"},{"name":"prevcommdate_as_date","title":"PrevCommdate_as_date","type":"datetime","rdfType":"http://www.w3.org/2001/XMLSchema#dateTime"},{"name":"fromwhere","title":"Fromwhere","type":"string","rdfType":"http://www.w3.org/2001/XMLSchema#string"},{"name":"createdby","title":"Createdby","type":"string","rdfType":"http://www.w3.org/2001/XMLSchema#string"},{"name":"createdate","title":"Createdate","type":"datetime","rdfType":"http://www.w3.org/2001/XMLSchema#dateTime"},{"name":"lastupdatedby","title":"Lastupdatedby","type":"string","rdfType":"http://www.w3.org/2001/XMLSchema#string"},{"name":"lastupdatedon","title":"Lastupdatedon","type":"datetime","rdfType":"http://www.w3.org/2001/XMLSchema#dateTime"}]},"path":"data/wdb_prevcommission.csv","format":"csv"},{"name":"wdb_propertydamage","schema":{"fields":[{"name":"propertydamageref","title":"PropertyDamageRef","type":"string","rdfType":"http://www.w3.org/2001/XMLSchema#string"},{"name":"propertydamagesystemid","title":"PropertyDamageSystemId","type":"string","rdfType":"http://www.w3.org/2001/XMLSchema#string"},{"name":"propertydamageid","title":"PropertyDamageID","type":"integer","rdfType":"http://www.w3.org/2001/XMLSchema#integer"},{"name":"caseref","title":"CaseRef","type":"string","rdfType":"http://www.w3.org/2001/XMLSchema#string"},{"name":"propertydamage_type","title":"PropertyDamage_Type","type":"string","rdfType":"http://www.w3.org/2001/XMLSchema#string"},{"name":"createdby","title":"Createdby","type":"string","rdfType":"http://www.w3.org/2001/XMLSchema#string"},{"name":"createdate","title":"Createdate","type":"datetime","rdfType":"http://www.w3.org/2001/XMLSchema#dateTime"},{"name":"lastupdatedby","title":"Lastupdatedby","type":"string","rdfType":"http://www.w3.org/2001/XMLSchema#string"},{"name":"lastupdatedon","title":"Lastupdatedon","type":"datetime","rdfType":"http://www.w3.org/2001/XMLSchema#dateTime"}]},"path":"data/wdb_propertydamage.csv","format":"csv"},{"name":"wdb_ref_parish","schema":{"fields":[{"name":"parishref","title":"Parishref","type":"string","rdfType":"http://www.w3.org/2001/XMLSchema#string"},{"name":"parishid","title":"ParishId","type":"integer","rdfType":"http://www.w3.org/2001/XMLSchema#integer"},{"name":"parishsystemid","title":"ParishSystemId","type":"string","rdfType":"http://www.w3.org/2001/XMLSchema#string"},{"name":"parish_name","title":"Parish_Name","type":"string","rdfType":"http://www.w3.org/2001/XMLSchema#string"},{"name":"parish_tla","title":"Parish_TLA","type":"string","rdfType":"http://www.w3.org/2001/XMLSchema#string"},{"name":"pfid","title":"PFID","type":"integer","rdfType":"http://www.w3.org/2001/XMLSchema#integer"},{"name":"medieval_diocese","title":"Medieval_Diocese","type":"string","rdfType":"http://www.w3.org/2001/XMLSchema#string"},{"name":"medieval_deanery","title":"Medieval_Deanery","type":"string","rdfType":"http://www.w3.org/2001/XMLSchema#string"},{"name":"parish_county","title":"Parish_County","type":"string","rdfType":"http://www.w3.org/2001/XMLSchema#string"},{"name":"parish_burgh","title":"Parish_Burgh","type":"string","rdfType":"http://www.w3.org/2001/XMLSchema#string"},{"name":"parish_ngr_letters","title":"Parish_NGR_Letters","type":"string","rdfType":"http://www.w3.org/2001/XMLSchema#string"},{"name":"parish_ngr_easting","title":"Parish_NGR_Easting","type":"integer","rdfType":"http://www.w3.org/2001/XMLSchema#integer"},{"name":"parish_ngr_northing","title":"Parish_NGR_Northing","type":"integer","rdfType":"http://www.w3.org/2001/XMLSchema#integer"},{"name":"date_comment","title":"Date Comment","type":"string","rdfType":"http://www.w3.org/2001/XMLSchema#string"},{"name":"notes","title":"Notes","type":"string","rdfType":"http://www.w3.org/2001/XMLSchema#string"},{"name":"createdby","title":"Createdby","type":"string","rdfType":"http://www.w3.org/2001/XMLSchema#string"},{"name":"createdate","title":"Createdate","type":"datetime","rdfType":"http://www.w3.org/2001/XMLSchema#dateTime"},{"name":"lastupdatedby","title":"Lastupdatedby","type":"string","rdfType":"http://www.w3.org/2001/XMLSchema#string"},{"name":"lastupdatedon","title":"Lastupdatedon","type":"datetime","rdfType":"http://www.w3.org/2001/XMLSchema#dateTime"}]},"path":"data/wdb_ref_parish.csv","format":"csv"},{"name":"wdb_reference","schema":{"fields":[{"name":"referenceref","title":"ReferenceRef","type":"string","rdfType":"http://www.w3.org/2001/XMLSchema#string"},{"name":"refsystemid","title":"RefSystemID","type":"string","rdfType":"http://www.w3.org/2001/XMLSchema#string"},{"name":"referenceid","title":"ReferenceID","type":"integer","rdfType":"http://www.w3.org/2001/XMLSchema#integer"},{"name":"caseref","title":"CaseRef","type":"string","rdfType":"http://www.w3.org/2001/XMLSchema#string"},{"name":"sourceref","title":"SourceRef","type":"string","rdfType":"http://www.w3.org/2001/XMLSchema#string"},{"name":"reference","title":"Reference","type":"string","rdfType":"http://www.w3.org/2001/XMLSchema#string"},{"name":"kirksession","title":"KirkSession","type":"boolean","rdfType":"http://www.w3.org/2001/XMLSchema#boolean"},{"name":"presbytery","title":"Presbytery","type":"boolean","rdfType":"http://www.w3.org/2001/XMLSchema#boolean"},{"name":"burghcourt","title":"BurghCourt","type":"boolean","rdfType":"http://www.w3.org/2001/XMLSchema#boolean"},{"name":"confession","title":"Confession","type":"boolean","rdfType":"http://www.w3.org/2001/XMLSchema#boolean"},{"name":"draftdittay","title":"DraftDittay","type":"boolean","rdfType":"http://www.w3.org/2001/XMLSchema#boolean"},{"name":"comm_courtmin","title":"Comm_CourtMin","type":"boolean","rdfType":"http://www.w3.org/2001/XMLSchema#boolean"},{"name":"just_courtmin","title":"Just_CourtMin","type":"boolean","rdfType":"http://www.w3.org/2001/XMLSchema#boolean"},{"name":"circuit_courtmin","title":"Circuit_CourtMin","type":"boolean","rdfType":"http://www.w3.org/2001/XMLSchema#boolean"},{"name":"dittay","title":"Dittay","type":"boolean","rdfType":"http://www.w3.org/2001/XMLSchema#boolean"},{"name":"pleadings","title":"Pleadings","type":"boolean","rdfType":"http://www.w3.org/2001/XMLSchema#boolean"},{"name":"witdep","title":"WitDep","type":"boolean","rdfType":"http://www.w3.org/2001/XMLSchema#boolean"},{"name":"witstatement","title":"WitStatement","type":"boolean","rdfType":"http://www.w3.org/2001/XMLSchema#boolean"},{"name":"commjust","title":"CommJust","type":"boolean","rdfType":"http://www.w3.org/2001/XMLSchema#boolean"},{"name":"privycouncil","title":"PrivyCouncil","type":"boolean","rdfType":"http://www.w3.org/2001/XMLSchema#boolean"},{"name":"parliament","title":"Parliament","type":"boolean","rdfType":"http://www.w3.org/2001/XMLSchema#boolean"},{"name":"estates","title":"Estates","type":"boolean","rdfType":"http://www.w3.org/2001/XMLSchema#boolean"},{"name":"royal","title":"Royal","type":"boolean","rdfType":"http://www.w3.org/2001/XMLSchema#boolean"},{"name":"commtext","title":"CommText","type":"boolean","rdfType":"http://www.w3.org/2001/XMLSchema#boolean"},{"name":"verdict","title":"Verdict","type":"boolean","rdfType":"http://www.w3.org/2001/XMLSchema#boolean"},{"name":"sentence","title":"Sentence","type":"boolean","rdfType":"http://www.w3.org/2001/XMLSchema#boolean"},{"name":"chronicle","title":"Chronicle","type":"boolean","rdfType":"http://www.w3.org/2001/XMLSchema#boolean"},{"name":"financial","title":"Financial","type":"boolean","rdfType":"http://www.w3.org/2001/XMLSchema#boolean"},{"name":"other","title":"Other","type":"string","rdfType":"http://www.w3.org/2001/XMLSchema#string"},{"name":"notes","title":"Notes","type":"string","rdfType":"http://www.w3.org/2001/XMLSchema#string"},{"name":"createdby","title":"Createdby","type":"string","rdfType":"http://www.w3.org/2001/XMLSchema#string"},{"name":"createdate","title":"Createdate","type":"datetime","rdfType":"http://www.w3.org/2001/XMLSchema#dateTime"},{"name":"lastupdatedby","title":"Lastupdatedby","type":"string","rdfType":"http://www.w3.org/2001/XMLSchema#string"},{"name":"lastupdatedon","title":"Lastupdatedon","type":"datetime","rdfType":"http://www.w3.org/2001/XMLSchema#dateTime"}]},"path":"data/wdb_reference.csv","format":"csv"},{"name":"wdb_religiousmotif","schema":{"fields":[{"name":"motifref","title":"MotifRef","type":"string","rdfType":"http://www.w3.org/2001/XMLSchema#string"},{"name":"motifsystemid","title":"MotifSystemId","type":"string","rdfType":"http://www.w3.org/2001/XMLSchema#string"},{"name":"motifid","title":"MotifID","type":"integer","rdfType":"http://www.w3.org/2001/XMLSchema#integer"},{"name":"caseref","title":"CaseRef","type":"string","rdfType":"http://www.w3.org/2001/XMLSchema#string"},{"name":"motif_type","title":"Motif_Type","type":"string","rdfType":"http://www.w3.org/2001/XMLSchema#string"},{"name":"createdby","title":"Createdby","type":"string","rdfType":"http://www.w3.org/2001/XMLSchema#string"},{"name":"createdate","title":"Createdate","type":"datetime","rdfType":"http://www.w3.org/2001/XMLSchema#dateTime"},{"name":"lastupdatedby","title":"Lastupdatedby","type":"string","rdfType":"http://www.w3.org/2001/XMLSchema#string"},{"name":"lastupdatedon","title":"Lastupdatedon","type":"datetime","rdfType":"http://www.w3.org/2001/XMLSchema#dateTime"}]},"path":"data/wdb_religiousmotif.csv","format":"csv"},{"name":"wdb_ritualobject","schema":{"fields":[{"name":"ritualobjectref","title":"RitualObjectRef","type":"string","rdfType":"http://www.w3.org/2001/XMLSchema#string"},{"name":"ritualobjectsystemid","title":"RitualObjectSystemId","type":"string","rdfType":"http://www.w3.org/2001/XMLSchema#string"},{"name":"ritualobjectid","title":"RitualObjectID","type":"integer","rdfType":"http://www.w3.org/2001/XMLSchema#integer"},{"name":"caseref","title":"CaseRef","type":"string","rdfType":"http://www.w3.org/2001/XMLSchema#string"},{"name":"ritualobject_type","title":"RitualObject_Type","type":"string","rdfType":"http://www.w3.org/2001/XMLSchema#string"},{"name":"createdby","title":"Createdby","type":"string","rdfType":"http://www.w3.org/2001/XMLSchema#string"},{"name":"createdate","title":"Createdate","type":"datetime","rdfType":"http://www.w3.org/2001/XMLSchema#dateTime"},{"name":"lastupdatedby","title":"Lastupdatedby","type":"string","rdfType":"http://www.w3.org/2001/XMLSchema#string"},{"name":"lastupdatedon","title":"Lastupdatedon","type":"datetime","rdfType":"http://www.w3.org/2001/XMLSchema#dateTime"}]},"path":"data/wdb_ritualobject.csv","format":"csv"},{"name":"wdb_shapechanging","schema":{"fields":[{"name":"shapechangingref","title":"ShapeChangingRef","type":"string","rdfType":"http://www.w3.org/2001/XMLSchema#string"},{"name":"shapechangingsystemid","title":"ShapeChangingSystemId","type":"string","rdfType":"http://www.w3.org/2001/XMLSchema#string"},{"name":"shapechangingid","title":"ShapeChangingID","type":"integer","rdfType":"http://www.w3.org/2001/XMLSchema#integer"},{"name":"caseref","title":"CaseRef","type":"string","rdfType":"http://www.w3.org/2001/XMLSchema#string"},{"name":"shapechanging_type","title":"ShapeChanging_Type","type":"string","rdfType":"http://www.w3.org/2001/XMLSchema#string"},{"name":"details","title":"Details","type":"string","rdfType":"http://www.w3.org/2001/XMLSchema#string"},{"name":"createdby","title":"Createdby","type":"string","rdfType":"http://www.w3.org/2001/XMLSchema#string"},{"name":"createdate","title":"Createdate","type":"datetime","rdfType":"http://www.w3.org/2001/XMLSchema#dateTime"},{"name":"lastupdatedby","title":"Lastupdatedby","type":"string","rdfType":"http://www.w3.org/2001/XMLSchema#string"},{"name":"lastupdatedon","title":"Lastupdatedon","type":"datetime","rdfType":"http://www.w3.org/2001/XMLSchema#dateTime"}]},"path":"data/wdb_shapechanging.csv","format":"csv"},{"name":"wdb_source","schema":{"fields":[{"name":"sourceref","title":"SourceRef","type":"string","rdfType":"http://www.w3.org/2001/XMLSchema#string"},{"name":"createdby","title":"Createdby","type":"string","rdfType":"http://www.w3.org/2001/XMLSchema#string"},{"name":"createdate","title":"Createdate","type":"datetime","rdfType":"http://www.w3.org/2001/XMLSchema#dateTime"},{"name":"lastupdatedby","title":"Lastupdatedby","type":"string","rdfType":"http://www.w3.org/2001/XMLSchema#string"},{"name":"lastupdatedon","title":"Lastupdatedon","type":"datetime","rdfType":"http://www.w3.org/2001/XMLSchema#dateTime"}]},"path":"data/wdb_source.csv","format":"csv"},{"name":"wdb_torture","schema":{"fields":[{"name":"tortureref","title":"TortureRef","type":"string","rdfType":"http://www.w3.org/2001/XMLSchema#string"},{"name":"torturesystemid","title":"TortureSystemId","type":"string","rdfType":"http://www.w3.org/2001/XMLSchema#string"},{"name":"tortureid","title":"TortureID","type":"integer","rdfType":"http://www.w3.org/2001/XMLSchema#integer"},{"name":"trialref","title":"Trialref","type":"string","rdfType":"http://www.w3.org/2001/XMLSchema#string"},{"name":"tortureexists","title":"Tortureexists","type":"boolean","rdfType":"http://www.w3.org/2001/XMLSchema#boolean"},{"name":"torturedate","title":"Torturedate","type":"string","rdfType":"http://www.w3.org/2001/XMLSchema#string"},{"name":"torturedate_as_date","title":"Torturedate_as_date","type":"datetime","rdfType":"http://www.w3.org/2001/XMLSchema#dateTime"},{"name":"torturetype","title":"Torturetype","type":"string","rdfType":"http://www.w3.org/2001/XMLSchema#string"},{"name":"createdby","title":"Createdby","type":"string","rdfType":"http://www.w3.org/2001/XMLSchema#string"},{"name":"createdate","title":"Createdate","type":"datetime","rdfType":"http://www.w3.org/2001/XMLSchema#dateTime"},{"name":"lastupdatedby","title":"Lastupdatedby","type":"string","rdfType":"http://www.w3.org/2001/XMLSchema#string"},{"name":"lastupdatedon","title":"Lastupdatedon","type":"datetime","rdfType":"http://www.w3.org/2001/XMLSchema#dateTime"}]},"path":"data/wdb_torture.csv","format":"csv"},{"name":"wdb_trial","schema":{"fields":[{"name":"trialref","title":"Trialref","type":"string","rdfType":"http://www.w3.org/2001/XMLSchema#string"},{"name":"trialid","title":"TrialId","type":"integer","rdfType":"http://www.w3.org/2001/XMLSchema#integer"},{"name":"trialsystemid","title":"TrialSystemId","type":"string","rdfType":"http://www.w3.org/2001/XMLSchema#string"},{"name":"caseref","title":"CaseRef","type":"string","rdfType":"http://www.w3.org/2001/XMLSchema#string"},{"name":"trialtype","title":"TrialType","type":"integer","rdfType":"http://www.w3.org/2001/XMLSchema#integer"},{"name":"trial_settlement","title":"Trial_settlement","type":"string","rdfType":"http://www.w3.org/2001/XMLSchema#string"},{"name":"trial_parish","title":"Trial_parish","type":"string","rdfType":"http://www.w3.org/2001/XMLSchema#string"},{"name":"trial_presbytery","title":"Trial_presbytery","type":"string","rdfType":"http://www.w3.org/2001/XMLSchema#string"},{"name":"trial_county","title":"Trial_county","type":"string","rdfType":"http://www.w3.org/2001/XMLSchema#string"},{"name":"trial_burgh","title":"Trial_burgh","type":"string","rdfType":"http://www.w3.org/2001/XMLSchema#string"},{"name":"trial_ngr_letters","title":"Trial_NGR_Letters","type":"string","rdfType":"http://www.w3.org/2001/XMLSchema#string"},{"name":"trial_ngr_easting","title":"Trial_NGR_Easting","type":"string","rdfType":"http://www.w3.org/2001/XMLSchema#string"},{"name":"trial_ngr_northing","title":"Trial_NGR_Northing","type":"string","rdfType":"http://www.w3.org/2001/XMLSchema#string"},{"name":"watching","title":"Watching","type":"boolean","rdfType":"http://www.w3.org/2001/XMLSchema#boolean"},{"name":"watchingdate","title":"WatchingDate","type":"gyearmonth","rdfType":"http://www.w3.org/2001/XMLSchema#gYearMonth"},{"name":"watchingdate_as_date","title":"WatchingDate_as_date","type":"date","rdfType":"http://www.w3.org/2001/XMLSchema#date"},{"name":"arrest","title":"Arrest","type":"boolean","rdfType":"http://www.w3.org/2001/XMLSchema#boolean"},{"name":"arrestdate","title":"ArrestDate","type":"string","rdfType":"http://www.w3.org/2001/XMLSchema#string"},{"name":"arrestdate_as_date","title":"ArrestDate_as_date","type":"datetime","rdfType":"http://www.w3.org/2001/XMLSchema#dateTime"},{"name":"fled","title":"Fled","type":"boolean","rdfType":"http://www.w3.org/2001/XMLSchema#boolean"},{"name":"fleddate","title":"FledDate","type":"string","rdfType":"http://www.w3.org/2001/XMLSchema#string"},{"name":"fleddate_as_date","title":"FledDate_as_date","type":"datetime","rdfType":"http://www.w3.org/2001/XMLSchema#dateTime"},{"name":"actiondropped","title":"ActionDropped","type":"boolean","rdfType":"http://www.w3.org/2001/XMLSchema#boolean"},{"name":"actiondropdate","title":"Actiondropdate","type":"string","rdfType":"http://www.w3.org/2001/XMLSchema#string"},{"name":"actiondropdate_as_date","title":"Actiondropdate_as_date","type":"datetime","rdfType":"http://www.w3.org/2001/XMLSchema#dateTime"},{"name":"actiondroppedby","title":"Actiondroppedby","type":"string","rdfType":"http://www.w3.org/2001/XMLSchema#string"},{"name":"actionbody","title":"Actionbody","type":"string","rdfType":"http://www.w3.org/2001/XMLSchema#string"},{"name":"confrontingsuspects","title":"Confrontingsuspects","type":"boolean","rdfType":"http://www.w3.org/2001/XMLSchema#boolean"},{"name":"pretrialnotes","title":"PretrialNotes","type":"string","rdfType":"http://www.w3.org/2001/XMLSchema#string"},{"name":"processtype","title":"ProcessType","type":"string","rdfType":"http://www.w3.org/2001/XMLSchema#string"},{"name":"trialdate","title":"TrialDate","type":"string","rdfType":"http://www.w3.org/2001/XMLSchema#string"},{"name":"trialdate_as_date","title":"TrialDate_as_date","type":"datetime","rdfType":"http://www.w3.org/2001/XMLSchema#dateTime"},{"name":"trialplace","title":"TrialPlace","type":"string","rdfType":"http://www.w3.org/2001/XMLSchema#string"},{"name":"female_accusers","title":"Female_accusers","type":"integer","rdfType":"http://www.w3.org/2001/XMLSchema#integer"},{"name":"male_accusers","title":"Male_accusers","type":"integer","rdfType":"http://www.w3.org/2001/XMLSchema#integer"},{"name":"high_status","title":"High_status","type":"boolean","rdfType":"http://www.w3.org/2001/XMLSchema#boolean"},{"name":"defence","title":"Defence","type":"boolean","rdfType":"http://www.w3.org/2001/XMLSchema#boolean"},{"name":"verdict","title":"Verdict","type":"string","rdfType":"http://www.w3.org/2001/XMLSchema#string"},{"name":"sentence","title":"Sentence","type":"string","rdfType":"http://www.w3.org/2001/XMLSchema#string"},{"name":"cjtorder","title":"Cjtorder","type":"boolean","rdfType":"http://www.w3.org/2001/XMLSchema#boolean"},{"name":"cjtdate","title":"Cjtdate","type":"date","rdfType":"http://www.w3.org/2001/XMLSchema#date"},{"name":"cjtdate_as_date","title":"Cjtdate_as_date","type":"datetime","rdfType":"http://www.w3.org/2001/XMLSchema#dateTime"},{"name":"circuit","title":"Circuit","type":"boolean","rdfType":"http://www.w3.org/2001/XMLSchema#boolean"},{"name":"circuitname","title":"Circuitname","type":"string","rdfType":"http://www.w3.org/2001/XMLSchema#string"},{"name":"localwithcrep","title":"Localwithcrep","type":"boolean","rdfType":"http://www.w3.org/2001/XMLSchema#boolean"},{"name":"noreftocentral","title":"Noreftocentral","type":"boolean","rdfType":"http://www.w3.org/2001/XMLSchema#boolean"},{"name":"trialnotes","title":"TrialNotes","type":"string","rdfType":"http://www.w3.org/2001/XMLSchema#string"},{"name":"execution","title":"Execution","type":"boolean","rdfType":"http://www.w3.org/2001/XMLSchema#boolean"},{"name":"executionmethod","title":"Executionmethod","type":"string","rdfType":"http://www.w3.org/2001/XMLSchema#string"},{"name":"executiondate","title":"ExecutionDate","type":"string","rdfType":"http://www.w3.org/2001/XMLSchema#string"},{"name":"executiondate_as_date","title":"ExecutionDate_as_date","type":"datetime","rdfType":"http://www.w3.org/2001/XMLSchema#dateTime"},{"name":"executionplace","title":"ExecutionPlace","type":"string","rdfType":"http://www.w3.org/2001/XMLSchema#string"},{"name":"exec_settlement","title":"Exec_settlement","type":"string","rdfType":"http://www.w3.org/2001/XMLSchema#string"},{"name":"exec_parish","title":"Exec_parish","type":"string","rdfType":"http://www.w3.org/2001/XMLSchema#string"},{"name":"exec_presbytery","title":"Exec_presbytery","type":"string","rdfType":"http://www.w3.org/2001/XMLSchema#string"},{"name":"exec_county","title":"Exec_county","type":"string","rdfType":"http://www.w3.org/2001/XMLSchema#string"},{"name":"exec_burgh","title":"Exec_burgh","type":"string","rdfType":"http://www.w3.org/2001/XMLSchema#string"},{"name":"exec_ngr_letters","title":"Exec_NGR_Letters","type":"string","rdfType":"http://www.w3.org/2001/XMLSchema#string"},{"name":"exec_ngr_easting","title":"Exec_NGR_Easting","type":"string","rdfType":"http://www.w3.org/2001/XMLSchema#string"},{"name":"exec_ngr_northing","title":"Exec_NGR_Northing","type":"string","rdfType":"http://www.w3.org/2001/XMLSchema#string"},{"name":"posttrialnotes","title":"PostTrialNotes","type":"string","rdfType":"http://www.w3.org/2001/XMLSchema#string"},{"name":"createdby","title":"Createdby","type":"string","rdfType":"http://www.w3.org/2001/XMLSchema#string"},{"name":"createdate","title":"Createdate","type":"datetime","rdfType":"http://www.w3.org/2001/XMLSchema#dateTime"},{"name":"lastupdatedby","title":"Lastupdatedby","type":"string","rdfType":"http://www.w3.org/2001/XMLSchema#string"},{"name":"lastupdatedon","title":"Lastupdatedon","type":"datetime","rdfType":"http://www.w3.org/2001/XMLSchema#dateTime"}]},"path":"data/wdb_trial.csv","format":"csv"},{"name":"wdb_trial_person","schema":{"fields":[{"name":"trial_personref","title":"Trial_personRef","type":"string","rdfType":"http://www.w3.org/2001/XMLSchema#string"},{"name":"trial_personid","title":"Trial_personID","type":"integer","rdfType":"http://www.w3.org/2001/XMLSchema#integer"},{"name":"trial_personsystemid","title":"Trial_personSystemId","type":"string","rdfType":"http://www.w3.org/2001/XMLSchema#string"},{"name":"trialref","title":"TrialRef","type":"string","rdfType":"http://www.w3.org/2001/XMLSchema#string"},{"name":"personref","title":"PersonRef","type":"string","rdfType":"http://www.w3.org/2001/XMLSchema#string"},{"name":"caseref","title":"CaseRef","type":"string","rdfType":"http://www.w3.org/2001/XMLSchema#string"},{"name":"involvement","title":"Involvement","type":"string","rdfType":"http://www.w3.org/2001/XMLSchema#string"},{"name":"witchpricker","title":"WitchPricker","type":"boolean","rdfType":"http://www.w3.org/2001/XMLSchema#boolean"},{"name":"createdby","title":"Createdby","type":"string","rdfType":"http://www.w3.org/2001/XMLSchema#string"},{"name":"createdate","title":"Createdate","type":"datetime","rdfType":"http://www.w3.org/2001/XMLSchema#dateTime"},{"name":"lastupdatedby","title":"Lastupdatedby","type":"string","rdfType":"http://www.w3.org/2001/XMLSchema#string"},{"name":"lastupdatedon","title":"Lastupdatedon","type":"datetime","rdfType":"http://www.w3.org/2001/XMLSchema#dateTime"}]},"path":"data/wdb_trial_person.csv","format":"csv"},{"name":"wdb_weathermodification","schema":{"fields":[{"name":"weathermodificationref","title":"WeatherModificationRef","type":"string","rdfType":"http://www.w3.org/2001/XMLSchema#string"},{"name":"weathermodificationsystemid","title":"WeatherModificationSystemId","type":"string","rdfType":"http://www.w3.org/2001/XMLSchema#string"},{"name":"weathermodificationid","title":"WeatherModificationID","type":"integer","rdfType":"http://www.w3.org/2001/XMLSchema#integer"},{"name":"caseref","title":"CaseRef","type":"string","rdfType":"http://www.w3.org/2001/XMLSchema#string"},{"name":"weathermodification_type","title":"WeatherModification_Type","type":"string","rdfType":"http://www.w3.org/2001/XMLSchema#string"},{"name":"createdby","title":"Createdby","type":"string","rdfType":"http://www.w3.org/2001/XMLSchema#string"},{"name":"createdate","title":"Createdate","type":"datetime","rdfType":"http://www.w3.org/2001/XMLSchema#dateTime"},{"name":"lastupdatedby","title":"Lastupdatedby","type":"string","rdfType":"http://www.w3.org/2001/XMLSchema#string"},{"name":"lastupdatedon","title":"Lastupdatedon","type":"datetime","rdfType":"http://www.w3.org/2001/XMLSchema#dateTime"}]},"path":"data/wdb_weathermodification.csv","format":"csv"},{"name":"wdb_whitemagic","schema":{"fields":[{"name":"whitemagicref","title":"WhiteMagicRef","type":"string","rdfType":"http://www.w3.org/2001/XMLSchema#string"},{"name":"whitemagicsystemid","title":"WhiteMagicSystemId","type":"string","rdfType":"http://www.w3.org/2001/XMLSchema#string"},{"name":"whitemagicid","title":"WhiteMagicID","type":"integer","rdfType":"http://www.w3.org/2001/XMLSchema#integer"},{"name":"caseref","title":"CaseRef","type":"string","rdfType":"http://www.w3.org/2001/XMLSchema#string"},{"name":"whitemagic_type","title":"WhiteMagic_Type","type":"string","rdfType":"http://www.w3.org/2001/XMLSchema#string"},{"name":"createdby","title":"Createdby","type":"string","rdfType":"http://www.w3.org/2001/XMLSchema#string"},{"name":"createdate","title":"Createdate","type":"datetime","rdfType":"http://www.w3.org/2001/XMLSchema#dateTime"},{"name":"lastupdatedby","title":"Lastupdatedby","type":"string","rdfType":"http://www.w3.org/2001/XMLSchema#string"},{"name":"lastupdatedon","title":"Lastupdatedon","type":"datetime","rdfType":"http://www.w3.org/2001/XMLSchema#dateTime"}]},"path":"data/wdb_whitemagic.csv","format":"csv"},{"name":"wdb_witchesmeetingplace","schema":{"fields":[{"name":"meetingplaceref","title":"MeetingPlaceRef","type":"string","rdfType":"http://www.w3.org/2001/XMLSchema#string"},{"name":"meetingplacesystemid","title":"MeetingPlaceSystemId","type":"string","rdfType":"http://www.w3.org/2001/XMLSchema#string"},{"name":"meetingplaceid","title":"MeetingPlaceID","type":"integer","rdfType":"http://www.w3.org/2001/XMLSchema#integer"},{"name":"caseref","title":"CaseRef","type":"string","rdfType":"http://www.w3.org/2001/XMLSchema#string"},{"name":"meetingplace_place","title":"MeetingPlace_Place","type":"string","rdfType":"http://www.w3.org/2001/XMLSchema#string"},{"name":"inversion","title":"Inversion","type":"boolean","rdfType":"http://www.w3.org/2001/XMLSchema#boolean"},{"name":"location","title":"Location","type":"string","rdfType":"http://www.w3.org/2001/XMLSchema#string"},{"name":"createdby","title":"Createdby","type":"string","rdfType":"http://www.w3.org/2001/XMLSchema#string"},{"name":"createdate","title":"Createdate","type":"datetime","rdfType":"http://www.w3.org/2001/XMLSchema#dateTime"},{"name":"lastupdatedby","title":"Lastupdatedby","type":"string","rdfType":"http://www.w3.org/2001/XMLSchema#string"},{"name":"lastupdatedon","title":"Lastupdatedon","type":"datetime","rdfType":"http://www.w3.org/2001/XMLSchema#dateTime"}]},"path":"data/wdb_witchesmeetingplace.csv","format":"csv"},{"name":"original/README.doc","path":"original/README.doc","format":"doc","mediatype":"application/msword","bytes":459264},{"name":"original/WDB_Accused.csv","path":"original/WDB_Accused.csv","format":"csv","mediatype":"text/csv","bytes":648491},{"name":"original/WDB_Accused_family.csv","path":"original/WDB_Accused_family.csv","format":"csv","mediatype":"text/csv","bytes":118400},{"name":"original/WDB_Appeal.csv","path":"original/WDB_Appeal.csv","format":"csv","mediatype":"text/csv","bytes":29531},{"name":"original/WDB_CalendarCustom.csv","path":"original/WDB_CalendarCustom.csv","format":"csv","mediatype":"text/csv","bytes":13742},{"name":"original/WDB_Case.csv","path":"original/WDB_Case.csv","format":"csv","mediatype":"text/csv","bytes":1695272},{"name":"original/WDB_Case_person.csv","path":"original/WDB_Case_person.csv","format":"csv","mediatype":"text/csv","bytes":1142591},{"name":"original/WDB_Commission.csv","path":"original/WDB_Commission.csv","format":"csv","mediatype":"text/csv","bytes":289884},{"name":"original/WDB_Complaint.csv","path":"original/WDB_Complaint.csv","format":"csv","mediatype":"text/csv","bytes":13484},{"name":"original/WDB_Confession.csv","path":"original/WDB_Confession.csv","format":"csv","mediatype":"text/csv","bytes":119761},{"name":"original/WDB_CounterStrategy.csv","path":"original/WDB_CounterStrategy.csv","format":"csv","mediatype":"text/csv","bytes":7734},{"name":"original/WDB_DemonicPact.csv","path":"original/WDB_DemonicPact.csv","format":"csv","mediatype":"text/csv","bytes":98062},{"name":"original/WDB_Denunciation.csv","path":"original/WDB_Denunciation.csv","format":"csv","mediatype":"text/csv","bytes":10642},{"name":"original/WDB_DevilAppearance.csv","path":"original/WDB_DevilAppearance.csv","format":"csv","mediatype":"text/csv","bytes":44822},{"name":"original/WDB_Elf_FairyElements.csv","path":"original/WDB_Elf_FairyElements.csv","format":"csv","mediatype":"text/csv","bytes":14611},{"name":"original/WDB_Imprisonment.csv","path":"original/WDB_Imprisonment.csv","format":"csv","mediatype":"text/csv","bytes":78842},{"name":"original/WDB_LinkedTrial.csv","path":"original/WDB_LinkedTrial.csv","format":"csv","mediatype":"text/csv","bytes":148694},{"name":"original/WDB_Malice.csv","path":"original/WDB_Malice.csv","format":"csv","mediatype":"text/csv","bytes":13986},{"name":"original/WDB_MentionedAsWitch.csv","path":"original/WDB_MentionedAsWitch.csv","format":"csv","mediatype":"text/csv","bytes":231446},{"name":"original/WDB_MovestoHLA.csv","path":"original/WDB_MovestoHLA.csv","format":"csv","mediatype":"text/csv","bytes":31776},{"name":"original/WDB_MusicalInstrument.csv","path":"original/WDB_MusicalInstrument.csv","format":"csv","mediatype":"text/csv","bytes":5383},{"name":"original/WDB_Ordeal.csv","path":"original/WDB_Ordeal.csv","format":"csv","mediatype":"text/csv","bytes":15871},{"name":"original/WDB_OtherCharges.csv","path":"original/WDB_OtherCharges.csv","format":"csv","mediatype":"text/csv","bytes":48661},{"name":"original/WDB_OtherNamedwitch.csv","path":"original/WDB_OtherNamedwitch.csv","format":"csv","mediatype":"text/csv","bytes":204362},{"name":"original/WDB_Person.csv","path":"original/WDB_Person.csv","format":"csv","mediatype":"text/csv","bytes":409242},{"name":"original/WDB_PrevCommission.csv","path":"original/WDB_PrevCommission.csv","format":"csv","mediatype":"text/csv","bytes":2211},{"name":"original/WDB_PropertyDamage.csv","path":"original/WDB_PropertyDamage.csv","format":"csv","mediatype":"text/csv","bytes":18861},{"name":"original/WDB_Ref_Parish.csv","path":"original/WDB_Ref_Parish.csv","format":"csv","mediatype":"text/csv","bytes":151227},{"name":"original/WDB_Reference.csv","path":"original/WDB_Reference.csv","format":"csv","mediatype":"text/csv","bytes":1088935},{"name":"original/WDB_ReligiousMotif.csv","path":"original/WDB_ReligiousMotif.csv","format":"csv","mediatype":"text/csv","bytes":11967},{"name":"original/WDB_RitualObject.csv","path":"original/WDB_RitualObject.csv","format":"csv","mediatype":"text/csv","bytes":59891},{"name":"original/WDB_ShapeChanging.csv","path":"original/WDB_ShapeChanging.csv","format":"csv","mediatype":"text/csv","bytes":6580},{"name":"original/WDB_Source.csv","path":"original/WDB_Source.csv","format":"csv","mediatype":"text/csv","bytes":10135},{"name":"original/WDB_Torture.csv","path":"original/WDB_Torture.csv","format":"csv","mediatype":"text/csv","bytes":13122},{"name":"original/WDB_Trial.csv","path":"original/WDB_Trial.csv","format":"csv","mediatype":"text/csv","bytes":849518},{"name":"original/WDB_Trial_Person.csv","path":"original/WDB_Trial_Person.csv","format":"csv","mediatype":"text/csv","bytes":77020},{"name":"original/WDB_WeatherModification.csv","path":"original/WDB_WeatherModification.csv","format":"csv","mediatype":"text/csv","bytes":2347},{"name":"original/WDB_WhiteMagic.csv","path":"original/WDB_WhiteMagic.csv","format":"csv","mediatype":"text/csv","bytes":8354},{"name":"original/WDB_WitchesMeetingPlace.csv","path":"original/WDB_WitchesMeetingPlace.csv","format":"csv","mediatype":"text/csv","bytes":63096}],"keywords":["trial","witches","executions","accusations","supernatural","product hunt","shift forum","sxsw 2017","contributors wanted"]}